,-Log(Benjamini-Hochberg) PathFXv1,-Log(Benjamini-Hochberg) PathFXv2
count,355.0,355.0
mean,9.456880042124396,9.107798139388047
std,0.5899966411884122,0.7421587374757952
min,7.24422751560337,7.265256327883202
max,10.378328600513631,12.795524589751354
sum,3357.19241495416,3233.268339482755
