,Blue,Red,Green
count,355.0,355.0,355.0
mean,11.32112676056338,1.43943661971831,1.856338028169014
std,8.99236831943404,2.791961770720307,2.909012510065785
max,37.0,14.0,14.0
min,1.0,0.0,0.0
sum,4019.0,511.0,659.0
