,Blue,Red,Green
count,355.0,355.0,355.0
mean,15.51549295774648,9.48450704225352,4.994366197183099
std,11.838683216775157,7.126909455454707,6.893866251924174
max,56.0,40.0,51.0
min,0.0,0.0,0.0
sum,5508.0,3367.0,1773.0
