,Blue,Red,Green
count,355.0,355.0,355.0
mean,354.17464788732394,275.43098591549295,118.43661971830986
std,282.8680951299745,369.5229366792756,75.22492306867646
max,825.0,953.0,491.0
min,30.0,1.0,5.0
sum,125732.0,97778.0,42045.0
