,Blue,Red,Green
count,355.0,355.0,355.0
mean,0.5243783558968232,0.3371266085836018,0.1384950355195758
std,0.16111405403731494,0.15027375995612424,0.13624316631288738
max,1.0,0.7837837837837838,0.8793103448275862
min,0.0,0.0,0.0
sum,186.15431634337207,119.67994604717857,49.16573760944935
