,Blue,Red,Green
count,355.0,355.0,355.0
mean,0.5231375465672155,0.24813221664994803,0.22873023678283508
std,0.1121550738911537,0.15111255102392251,0.1517588148132357
max,0.6637931034482759,0.4832657200811359,0.7341040462427746
min,0.23410404624277456,0.013333333333333334,0.09837728194726167
sum,185.71382903136185,88.08693691073188,81.1992340579063
