,Blue,Red,Green
count,355.0,355.0,355.0
mean,0.8037335176880497,0.07523387246836402,0.12103260984358677
std,0.19216615248890878,0.1308039078174835,0.1542528133125895
max,1.0,0.7647058823529411,0.7333333333333333
min,0.23529411764705882,0.0,0.0
sum,285.32539877925745,26.70802472626922,42.966576494473316
