,Blue,Red,Green
count,16.0,16.0,16.0
mean,344.25,210.4375,110.8125
std,623.6779617719388,329.5340081084197,272.2487144138609
max,2134.0,1258.0,1104.0
min,6.0,2.0,0.0
sum,5508.0,3367.0,1773.0
