,Blue,Red,Green
count,16.0,16.0,16.0
mean,0.5229865765598467,0.1874961672680477,0.2895172561721056
std,0.126913568395381,0.12646774497506594,0.18228971613772307
max,0.6637931034482759,0.4832657200811359,0.7341040462427746
min,0.23410404624277456,0.013333333333333334,0.09837728194726167
sum,8.367785224957547,2.999938676288764,4.632276098753689
