,Number of Neighbrohood Genes PathFXv1,Number of Neighbrohood Genes PathFXv2
mean,25.0,20.50985915492958
std,17.557009642038174,16.62554663244383
min,1.0,1.0
max,96.0,79.0
sum,8875.0,7281.0
