,Blue,Red,Green
count,16.0,16.0,16.0
mean,7858.25,6111.125,2627.8125
std,16938.271928781087,18849.215855927094,4090.7369868806445
max,66000.0,76240.0,15520.0
min,134.0,12.0,48.0
sum,125732.0,97778.0,42045.0
