,Blue,Red,Green
count,16.0,16.0,16.0
mean,0.7960232764881261,0.06719421948448884,0.1367825040273851
std,0.055863608838218774,0.048709653124313294,0.0467110573563329
max,0.9090909090909091,0.1444141689373297,0.234375
min,0.7146401985111662,0.0,0.03636363636363636
sum,12.736372423810018,1.0751075117518214,2.1885200644381615
