,Blue,Red,Green
count,16.0,16.0,16.0
mean,0.5181356753835755,0.37062962397952337,0.11123470063690123
std,0.13557999793581335,0.13553226650412795,0.08980020496312215
max,0.8,0.656084656084656,0.3253333333333333
min,0.2830687830687831,0.2,0.0
sum,8.290170806137208,5.930073983672372,1.77975521019042
