,Blue,Red,Green
count,195.0,195.0,195.0
mean,28.246153846153845,17.266666666666666,9.092307692307692
std,26.52407820870633,18.392924083934787,11.155955938176163
max,154.0,102.0,71.0
min,0.0,0.0,0.0
sum,5508.0,3367.0,1773.0
