,Blue,Red,Green
count,195.0,195.0,195.0
mean,0.5026467596037105,0.2974672652751829,0.19988597512110562
std,0.0946544019258995,0.13785984309141666,0.12158179839421046
max,0.6395939086294417,0.4832657200811359,0.7341040462427746
min,0.23410404624277456,0.013333333333333334,0.09837728194726167
sum,98.01611812272378,58.00611672866063,38.9777651486156
