,Number of Interactome Genes PathFXv1,Number of Interactome Genes PathFXv2
mean,472.6112676056338,629.6056338028169
std,336.0883003548241,642.9379089542252
min,35.0,36.0
max,1019.0,1778.0
sum,167777.0,223510.0
