,Blue,Red,Green
count,195.0,195.0,195.0
mean,20.61025641025641,2.6205128205128205,3.3794871794871795
std,30.461432391402354,8.165150344484204,7.847751647524704
max,222.0,78.0,84.0
min,1.0,0.0,0.0
sum,4019.0,511.0,659.0
