,Blue,Red,Green
count,195.0,195.0,195.0
mean,644.7794871794872,501.425641025641,215.6153846153846
std,459.8131709231204,462.9442735039246,154.39770165892207
max,1931.0,1325.0,748.0
min,30.0,1.0,5.0
sum,125732.0,97778.0,42045.0
