,Blue,Red,Green
count,195.0,195.0,195.0
mean,0.5275273182849246,0.3224194725368965,0.15005320917817855
std,0.14604398143239591,0.12836943194916092,0.12741756952002437
max,1.0,0.7837837837837838,0.8421052631578947
min,0.0,0.0,0.0
sum,102.86782706556036,62.87179714469482,29.260375789744817
