,Blue,Red,Green
count,195.0,195.0,195.0
mean,0.8260094632603522,0.06029511303481923,0.11369542370482845
std,0.18467025161382855,0.110927616653826,0.15577222049360057
max,1.0,0.7647058823529411,0.7333333333333333
min,0.23529411764705882,0.0,0.0
sum,161.07184533576867,11.757547041789755,22.17060762244156
