,Number of Drug Target Genes PathFXv1,Number of Drug Target Genes PathFXv2
mean,12.76056338028169,13.177464788732394
std,10.081398640653124,10.095283302957712
min,1.0,1.0
max,44.0,42.0
sum,4530.0,4678.0
